INSERT INTO products (id, name, price, stock, version) VALUES (1, 'Producto 1', 78.99, 120, 0);
INSERT INTO products (id, name, price, stock, version) VALUES (2, 'Producto 2', 145.50, 75, 0);
INSERT INTO products (id, name, price, stock, version) VALUES (3, 'Producto 3', 24.00, 200, 0);
INSERT INTO products (id, name, price, stock, version) VALUES (4, 'Producto 4', 199.99, 30, 0);
INSERT INTO products (id, name, price, stock, version) VALUES (5, 'Producto 5', 49.95, 150, 0);
INSERT INTO products (id, name, price, stock, version) VALUES (6, 'Producto 6', 88.00, 80, 0);
INSERT INTO products (id, name, price, stock, version) VALUES (7, 'Producto 7', 35.75, 180, 0);
INSERT INTO products (id, name, price, stock, version) VALUES (8, 'Producto 8', 215.00, 25, 0);
INSERT INTO products (id, name, price, stock, version) VALUES (9, 'Producto 9', 12.50, 300, 0);
INSERT INTO products (id, name, price, stock, version) VALUES (10, 'Producto 10', 99.99, 60, 0);
INSERT INTO products (id, name, price, stock, version) VALUES (11, 'Producto 11', 132.00, 45, 0);
INSERT INTO products (id, name, price, stock, version) VALUES (12, 'Producto 12', 65.25, 110, 0);
INSERT INTO products (id, name, price, stock, version) VALUES (13, 'Producto 13', 22.90, 250, 0);
INSERT INTO products (id, name, price, stock, version) VALUES (14, 'Producto 14', 175.00, 35, 0);
INSERT INTO products (id, name, price, stock, version) VALUES (15, 'Producto 15', 5.99, 500, 0);
INSERT INTO products (id, name, price, stock, version) VALUES (16, 'Producto 16', 42.50, 130, 0);
INSERT INTO products (id, name, price, stock, version) VALUES (17, 'Producto 17', 189.95, 28, 0);
INSERT INTO products (id, name, price, stock, version) VALUES (18, 'Producto 18', 75.00, 90, 0);
INSERT INTO products (id, name, price, stock, version) VALUES (19, 'Producto 19', 19.99, 220, 0);
INSERT INTO products (id, name, price, stock, version) VALUES (20, 'Producto 20', 250.00, 20, 0);
INSERT INTO products (id, name, price, stock, version) VALUES (21, 'Producto 21', 112.30, 55, 0);
INSERT INTO products (id, name, price, stock, version) VALUES (22, 'Producto 22', 8.75, 400, 0);
INSERT INTO products (id, name, price, stock, version) VALUES (23, 'Producto 23', 55.00, 140, 0);
INSERT INTO products (id, name, price, stock, version) VALUES (24, 'Producto 24', 160.45, 40, 0);
INSERT INTO products (id, name, price, stock, version) VALUES (25, 'Producto 25', 92.00, 70, 0);
INSERT INTO products (id, name, price, stock, version) VALUES (26, 'Producto 26', 29.99, 190, 0);
INSERT INTO products (id, name, price, stock, version) VALUES (27, 'Producto 27', 121.80, 50, 0);
INSERT INTO products (id, name, price, stock, version) VALUES (28, 'Producto 28', 45.60, 160, 0);
INSERT INTO products (id, name, price, stock, version) VALUES (29, 'Producto 29', 205.00, 22, 0);
INSERT INTO products (id, name, price, stock, version) VALUES (30, 'Producto 30', 33.33, 170, 0);
INSERT INTO products (id, name, price, stock, version) VALUES (31, 'Producto 31', 68.00, 100, 0);
INSERT INTO products (id, name, price, stock, version) VALUES (32, 'Producto 32', 15.20, 350, 0);
INSERT INTO products (id, name, price, stock, version) VALUES (33, 'Producto 33', 142.99, 42, 0);
INSERT INTO products (id, name, price, stock, version) VALUES (34, 'Producto 34', 81.50, 85, 0);
INSERT INTO products (id, name, price, stock, version) VALUES (35, 'Producto 35', 190.00, 29, 0);
INSERT INTO products (id, name, price, stock, version) VALUES (36, 'Producto 36', 7.50, 450, 0);
INSERT INTO products (id, name, price, stock, version) VALUES (37, 'Producto 37', 58.90, 125, 0);
INSERT INTO products (id, name, price, stock, version) VALUES (38, 'Producto 38', 119.00, 58, 0);
INSERT INTO products (id, name, price, stock, version) VALUES (39, 'Producto 39', 21.75, 280, 0);
INSERT INTO products (id, name, price, stock, version) VALUES (40, 'Producto 40', 230.50, 18, 0);
INSERT INTO products (id, name, price, stock, version) VALUES (41, 'Producto 41', 72.00, 95, 0);
INSERT INTO products (id, name, price, stock, version) VALUES (42, 'Producto 42', 38.40, 155, 0);
INSERT INTO products (id, name, price, stock, version) VALUES (43, 'Producto 43', 135.00, 48, 0);
INSERT INTO products (id, name, price, stock, version) VALUES (44, 'Producto 44', 48.25, 145, 0);
INSERT INTO products (id, name, price, stock, version) VALUES (45, 'Producto 45', 110.99, 62, 0);
INSERT INTO products (id, name, price, stock, version) VALUES (46, 'Producto 46', 9.99, 380, 0);
INSERT INTO products (id, name, price, stock, version) VALUES (47, 'Producto 47', 165.00, 33, 0);
INSERT INTO products (id, name, price, stock, version) VALUES (48, 'Producto 48', 85.00, 88, 0);
INSERT INTO products (id, name, price, stock, version) VALUES (49, 'Producto 49', 25.50, 210, 0);
INSERT INTO products (id, name, price, stock, version) VALUES (50, 'Producto 50', 200.00, 26, 0);
INSERT INTO products (id, name, price, stock, version) VALUES (51, 'Producto 51', 63.70, 115, 0);
INSERT INTO products (id, name, price, stock, version) VALUES (52, 'Producto 52', 12.95, 330, 0);
INSERT INTO products (id, name, price, stock, version) VALUES (53, 'Producto 53', 95.80, 78, 0);
INSERT INTO products (id, name, price, stock, version) VALUES (54, 'Producto 54', 155.20, 44, 0);
INSERT INTO products (id, name, price, stock, version) VALUES (55, 'Producto 55', 78.60, 92, 0);
INSERT INTO products (id, name, price, stock, version) VALUES (56, 'Producto 56', 31.25, 185, 0);
INSERT INTO products (id, name, price, stock, version) VALUES (57, 'Producto 57', 115.50, 52, 0);
INSERT INTO products (id, name, price, stock, version) VALUES (58, 'Producto 58', 50.40, 135, 0);
INSERT INTO products (id, name, price, stock, version) VALUES (59, 'Producto 59', 180.75, 31, 0);
INSERT INTO products (id, name, price, stock, version) VALUES (60, 'Producto 60', 40.10, 165, 0);
INSERT INTO products (id, name, price, stock, version) VALUES (61, 'Producto 61', 89.99, 82, 0);
INSERT INTO products (id, name, price, stock, version) VALUES (62, 'Producto 62', 18.80, 290, 0);
INSERT INTO products (id, name, price, stock, version) VALUES (63, 'Producto 63', 128.40, 49, 0);
INSERT INTO products (id, name, price, stock, version) VALUES (64, 'Producto 64', 66.70, 105, 0);
INSERT INTO products (id, name, price, stock, version) VALUES (65, 'Producto 65', 195.30, 27, 0);
INSERT INTO products (id, name, price, stock, version) VALUES (66, 'Producto 66', 11.25, 360, 0);
INSERT INTO products (id, name, price, stock, version) VALUES (67, 'Producto 67', 70.15, 98, 0);
INSERT INTO products (id, name, price, stock, version) VALUES (68, 'Producto 68', 148.90, 46, 0);
INSERT INTO products (id, name, price, stock, version) VALUES (69, 'Producto 69', 28.60, 195, 0);
INSERT INTO products (id, name, price, stock, version) VALUES (70, 'Producto 70', 220.00, 19, 0);
INSERT INTO products (id, name, price, stock, version) VALUES (71, 'Producto 71', 82.50, 84, 0);
INSERT INTO products (id, name, price, stock, version) VALUES (72, 'Producto 72', 43.20, 150, 0);
INSERT INTO products (id, name, price, stock, version) VALUES (73, 'Producto 73', 130.75, 51, 0);
INSERT INTO products (id, name, price, stock, version) VALUES (74, 'Producto 74', 52.80, 128, 0);
INSERT INTO products (id, name, price, stock, version) VALUES (75, 'Producto 75', 105.00, 68, 0);
INSERT INTO products (id, name, price, stock, version) VALUES (76, 'Producto 76', 14.99, 310, 0);
INSERT INTO products (id, name, price, stock, version) VALUES (77, 'Producto 77', 170.25, 36, 0);
INSERT INTO products (id, name, price, stock, version) VALUES (78, 'Producto 78', 91.40, 72, 0);
INSERT INTO products (id, name, price, stock, version) VALUES (79, 'Producto 79', 27.30, 205, 0);
INSERT INTO products (id, name, price, stock, version) VALUES (80, 'Producto 80', 210.80, 24, 0);
INSERT INTO products (id, name, price, stock, version) VALUES (81, 'Producto 81', 77.60, 93, 0);
INSERT INTO products (id, name, price, stock, version) VALUES (82, 'Producto 82', 36.50, 175, 0);
INSERT INTO products (id, name, price, stock, version) VALUES (83, 'Producto 83', 140.20, 47, 0);
INSERT INTO products (id, name, price, stock, version) VALUES (84, 'Producto 84', 59.10, 118, 0);
INSERT INTO products (id, name, price, stock, version) VALUES (85, 'Producto 85', 185.90, 30, 0);
INSERT INTO products (id, name, price, stock, version) VALUES (86, 'Producto 86', 16.70, 300, 0);
INSERT INTO products (id, name, price, stock, version) VALUES (87, 'Producto 87', 62.30, 112, 0);
INSERT INTO products (id, name, price, stock, version) VALUES (88, 'Producto 88', 125.60, 53, 0);
INSERT INTO products (id, name, price, stock, version) VALUES (89, 'Producto 89', 30.80, 188, 0);
INSERT INTO products (id, name, price, stock, version) VALUES (90, 'Producto 90', 240.00, 15, 0);
INSERT INTO products (id, name, price, stock, version) VALUES (91, 'Producto 91', 84.70, 86, 0);
INSERT INTO products (id, name, price, stock, version) VALUES (92, 'Producto 92', 46.90, 148, 0);
INSERT INTO products (id, name, price, stock, version) VALUES (93, 'Producto 93', 152.30, 43, 0);
INSERT INTO products (id, name, price, stock, version) VALUES (94, 'Producto 94', 54.60, 122, 0);
INSERT INTO products (id, name, price, stock, version) VALUES (95, 'Producto 95', 101.20, 65, 0);
INSERT INTO products (id, name, price, stock, version) VALUES (96, 'Producto 96', 20.50, 250, 0);
INSERT INTO products (id, name, price, stock, version) VALUES (97, 'Producto 97', 178.40, 34, 0);
INSERT INTO products (id, name, price, stock, version) VALUES (98, 'Producto 98', 98.10, 71, 0);
INSERT INTO products (id, name, price, stock, version) VALUES (99, 'Producto 99', 34.20, 180, 0);
INSERT INTO products (id, name, price, stock, version) VALUES (100, 'Producto 100', 225.00, 21, 0);

-- Pedido 1
INSERT INTO orders (id, customer_id, order_date, status, total_price, version) VALUES (1, 15, '2025-08-10 05:45:12', 'SHIPPED', 506.77, 0);
INSERT INTO order_items (id, product_id, quantity, price, order_id) VALUES (1, 62, 3, 115.89, 1);
INSERT INTO order_items (id, product_id, quantity, price, order_id) VALUES (2, 53, 1, 159.10, 1);

-- Pedido 2
INSERT INTO orders (id, customer_id, order_date, status, total_price, version) VALUES (2, 3, '2025-04-18 12:30:55', 'DELIVERED', 169.50, 0);
INSERT INTO order_items (id, product_id, quantity, price, order_id) VALUES (3, 2, 1, 169.50, 2);

-- Pedido 3
INSERT INTO orders (id, customer_id, order_date, status, total_price, version) VALUES (3, 11, '2025-01-22 22:10:33', 'PROCESSING', 702.34, 0);
INSERT INTO order_items (id, product_id, quantity, price, order_id) VALUES (4, 98, 3, 98.10, 3);
INSERT INTO order_items (id, product_id, quantity, price, order_id) VALUES (5, 88, 2, 89.99, 3);
INSERT INTO order_items (id, product_id, quantity, price, order_id) VALUES (6, 75, 2, 114.24, 3);

-- Pedido 4
INSERT INTO orders (id, customer_id, order_date, status, total_price, version) VALUES (4, 8, '2025-09-14 08:55:21', 'PENDING', 384.99, 0);
INSERT INTO order_items (id, product_id, quantity, price, order_id) VALUES (7, 100, 1, 225.00, 4);
INSERT INTO order_items (id, product_id, quantity, price, order_id) VALUES (8, 5, 3, 53.33, 4);

-- Pedido 5
INSERT INTO orders (id, customer_id, order_date, status, total_price, version) VALUES (5, 19, '2024-12-05 19:20:47', 'CANCELLED', 249.10, 0);
INSERT INTO order_items (id, product_id, quantity, price, order_id) VALUES (9, 70, 1, 220.00, 5);
INSERT INTO order_items (id, product_id, quantity, price, order_id) VALUES (10, 19, 1, 29.10, 5);

-- Pedido 6
INSERT INTO orders (id, customer_id, order_date, status, total_price, version) VALUES (6, 2, '2025-07-01 15:40:10', 'SHIPPED', 356.96, 0);
INSERT INTO order_items (id, product_id, quantity, price, order_id) VALUES (11, 44, 2, 48.25, 6);
INSERT INTO order_items (id, product_id, quantity, price, order_id) VALUES (12, 97, 1, 178.40, 6);
INSERT INTO order_items (id, product_id, quantity, price, order_id) VALUES (13, 83, 1, 82.06, 6);

-- Pedido 7
INSERT INTO orders (id, customer_id, order_date, status, total_price, version) VALUES (7, 10, '2025-09-02 03:11:05', 'PROCESSING', 45.60, 0);
INSERT INTO order_items (id, product_id, quantity, price, order_id) VALUES (14, 28, 1, 45.60, 7);

-- Pedido 8
INSERT INTO orders (id, customer_id, order_date, status, total_price, version) VALUES (8, 6, '2025-06-11 11:22:30', 'DELIVERED', 510.95, 0);
INSERT INTO order_items (id, product_id, quantity, price, order_id) VALUES (15, 17, 1, 189.95, 8);
INSERT INTO order_items (id, product_id, quantity, price, order_id) VALUES (16, 20, 1, 250.00, 8);
INSERT INTO order_items (id, product_id, quantity, price, order_id) VALUES (17, 31, 2, 35.50, 8);

-- Pedido 9
INSERT INTO orders (id, customer_id, order_date, status, total_price, version) VALUES (9, 1, '2024-09-28 23:59:59', 'DELIVERED', 728.31, 0);
INSERT INTO order_items (id, product_id, quantity, price, order_id) VALUES (18, 93, 3, 152.30, 9);
INSERT INTO order_items (id, product_id, quantity, price, order_id) VALUES (19, 81, 2, 77.60, 9);
INSERT INTO order_items (id, product_id, quantity, price, order_id) VALUES (20, 66, 1, 118.21, 9);

-- Pedido 10
INSERT INTO orders (id, customer_id, order_date, status, total_price, version) VALUES (10, 17, '2025-09-21 07:00:00', 'PENDING', 228.60, 0);
INSERT INTO order_items (id, product_id, quantity, price, order_id) VALUES (21, 91, 2, 84.70, 10);
INSERT INTO order_items (id, product_id, quantity, price, order_id) VALUES (22, 58, 1, 59.20, 10);

-- Pedido 11
INSERT INTO orders (id, customer_id, order_date, status, total_price, version) VALUES (11, 4, '2025-05-15 10:00:00', 'SHIPPED', 199.99, 0);
INSERT INTO order_items (id, product_id, quantity, price, order_id) VALUES (23, 4, 1, 199.99, 11);

-- Pedido 12
INSERT INTO orders (id, customer_id, order_date, status, total_price, version) VALUES (12, 13, '2025-08-08 18:20:00', 'PROCESSING', 315.80, 0);
INSERT INTO order_items (id, product_id, quantity, price, order_id) VALUES (24, 68, 2, 148.90, 12);
INSERT INTO order_items (id, product_id, quantity, price, order_id) VALUES (25, 19, 1, 18.00, 12);

-- Pedido 13
INSERT INTO orders (id, customer_id, order_date, status, total_price, version) VALUES (13, 16, '2025-03-25 09:30:00', 'PENDING', 506.40, 0);
INSERT INTO order_items (id, product_id, quantity, price, order_id) VALUES (26, 80, 2, 210.80, 13);
INSERT INTO order_items (id, product_id, quantity, price, order_id) VALUES (27, 42, 2, 42.40, 13);

-- Pedido 14
INSERT INTO orders (id, customer_id, order_date, status, total_price, version) VALUES (14, 20, '2024-11-11 11:11:11', 'DELIVERED', 125.60, 0);
INSERT INTO order_items (id, product_id, quantity, price, order_id) VALUES (28, 88, 1, 125.60, 14);

-- Pedido 15
INSERT INTO orders (id, customer_id, order_date, status, total_price, version) VALUES (15, 9, '2025-09-18 14:55:00', 'PENDING', 49.95, 0);
INSERT INTO order_items (id, product_id, quantity, price, order_id) VALUES (29, 5, 1, 49.95, 15);

-- Pedido 16
INSERT INTO orders (id, customer_id, order_date, status, total_price, version) VALUES (16, 7, '2025-02-10 17:00:00', 'CANCELLED', 202.40, 0);
INSERT INTO order_items (id, product_id, quantity, price, order_id) VALUES (30, 95, 2, 101.20, 16);

-- Pedido 17
INSERT INTO orders (id, customer_id, order_date, status, total_price, version) VALUES (17, 1, '2025-09-01 00:05:00', 'PROCESSING', 508.80, 0);
INSERT INTO order_items (id, product_id, quantity, price, order_id) VALUES (31, 100, 2, 225.00, 17);
INSERT INTO order_items (id, product_id, quantity, price, order_id) VALUES (32, 28, 1, 58.80, 17);

-- Pedido 18
INSERT INTO orders (id, customer_id, order_date, status, total_price, version) VALUES (18, 12, '2025-04-01 10:10:10', 'SHIPPED', 290.00, 0);
INSERT INTO order_items (id, product_id, quantity, price, order_id) VALUES (33, 75, 2, 105.00, 18);
INSERT INTO order_items (id, product_id, quantity, price, order_id) VALUES (34, 18, 1, 80.00, 18);

-- Pedido 19
INSERT INTO orders (id, customer_id, order_date, status, total_price, version) VALUES (19, 5, '2025-08-15 13:20:00', 'DELIVERED', 19.99, 0);
INSERT INTO order_items (id, product_id, quantity, price, order_id) VALUES (35, 1, 1, 19.99, 19);

-- Pedido 20
INSERT INTO orders (id, customer_id, order_date, status, total_price, version) VALUES (20, 10, '2025-09-17 19:40:00', 'PENDING', 249.99, 0);
INSERT INTO order_items (id, product_id, quantity, price, order_id) VALUES (36, 4, 1, 249.99, 20);
-- ... (se omiten 79 registros por brevedad, pero el patrón continúa)

-- Pedido 21
INSERT INTO orders (id, customer_id, order_date, status, total_price, version) VALUES (21, 1, '2025-09-22 12:00:00', 'PENDING', 150.75, 0);
INSERT INTO order_items (id, product_id, quantity, price, order_id) VALUES (37, 10, 1, 99.99, 21);
INSERT INTO order_items (id, product_id, quantity, price, order_id) VALUES (38, 15, 1, 50.76, 21);

-- Pedido 22
INSERT INTO orders (id, customer_id, order_date, status, total_price, version) VALUES (22, 2, '2025-09-23 15:30:00', 'PROCESSING', 220.50, 0);
INSERT INTO order_items (id, product_id, quantity, price, order_id) VALUES (39, 20, 1, 220.50, 22);

-- Pedido 23
INSERT INTO orders (id, customer_id, order_date, status, total_price, version) VALUES (23, 3, '2025-09-24 09:00:00', 'SHIPPED', 300.00, 0);
INSERT INTO order_items (id, product_id, quantity, price, order_id) VALUES (40, 30, 2, 150.00, 23);


-- Pedido 24
INSERT INTO orders (id, customer_id, order_date, status, total_price, version) VALUES (24, 4, '2025-09-25 10:15:00', 'DELIVERED', 450.00, 0);
INSERT INTO order_items (id, product_id, quantity, price, order_id) VALUES (41, 40, 2, 225.00, 24);

-- Pedido 25
INSERT INTO orders (id, customer_id, order_date, status, total_price, version) VALUES (25, 5, '2025-09-26 11:30:00', 'SHIPPED', 310.50, 0);
INSERT INTO order_items (id, product_id, quantity, price, order_id) VALUES (42, 50, 1, 150.00, 25);
INSERT INTO order_items (id, product_id, quantity, price, order_id) VALUES (43, 55, 1, 160.50, 25);

-- Pedido 26
INSERT INTO orders (id, customer_id, order_date, status, total_price, version) VALUES (26, 6, '2025-09-27 14:00:00', 'PROCESSING', 180.25, 0);
INSERT INTO order_items (id, product_id, quantity, price, order_id) VALUES (44, 60, 1, 180.25, 26);

-- Pedido 27
INSERT INTO orders (id, customer_id, order_date, status, total_price, version) VALUES (27, 7, '2025-09-28 16:45:00', 'PENDING', 525.75, 0);
INSERT INTO order_items (id, product_id, quantity, price, order_id) VALUES (45, 70, 3, 175.25, 27);

-- Pedido 28
INSERT INTO orders (id, customer_id, order_date, status, total_price, version) VALUES (28, 8, '2025-09-29 18:20:00', 'CANCELLED', 89.99, 0);
INSERT INTO order_items (id, product_id, quantity, price, order_id) VALUES (46, 80, 1, 89.99, 28);

-- Pedido 29
INSERT INTO orders (id, customer_id, order_date, status, total_price, version) VALUES (29, 9, '2025-09-30 20:00:00', 'DELIVERED', 400.00, 0);
INSERT INTO order_items (id, product_id, quantity, price, order_id) VALUES (47, 90, 2, 200.00, 29);

-- Pedido 30
INSERT INTO orders (id, customer_id, order_date, status, total_price, version) VALUES (30, 10, '2025-10-01 09:10:00', 'SHIPPED', 275.50, 0);
INSERT INTO order_items (id, product_id, quantity, price, order_id) VALUES (48, 1, 1, 78.99, 30);
INSERT INTO order_items (id, product_id, quantity, price, order_id) VALUES (49, 11, 1, 196.51, 30);

-- Pedido 31
INSERT INTO orders (id, customer_id, order_date, status, total_price, version) VALUES (31, 11, '2025-10-02 11:00:00', 'PROCESSING', 124.75, 0);
INSERT INTO order_items (id, product_id, quantity, price, order_id) VALUES (50, 21, 1, 124.75, 31);

-- Pedido 32
INSERT INTO orders (id, customer_id, order_date, status, total_price, version) VALUES (32, 12, '2025-10-03 13:25:00', 'PENDING', 350.00, 0);
INSERT INTO order_items (id, product_id, quantity, price, order_id) VALUES (51, 31, 2, 175.00, 32);

-- Pedido 33
INSERT INTO orders (id, customer_id, order_date, status, total_price, version) VALUES (33, 13, '2025-10-04 15:40:00', 'DELIVERED', 42.50, 0);
INSERT INTO order_items (id, product_id, quantity, price, order_id) VALUES (52, 41, 1, 42.50, 33);

-- Pedido 34
INSERT INTO orders (id, customer_id, order_date, status, total_price, version) VALUES (34, 14, '2025-10-05 17:55:00', 'SHIPPED', 300.99, 0);
INSERT INTO order_items (id, product_id, quantity, price, order_id) VALUES (53, 51, 3, 100.33, 34);

-- Pedido 35
INSERT INTO orders (id, customer_id, order_date, status, total_price, version) VALUES (35, 15, '2025-10-06 19:30:00', 'PROCESSING', 180.80, 0);
INSERT INTO order_items (id, product_id, quantity, price, order_id) VALUES (54, 61, 2, 90.40, 35);

-- Pedido 36
INSERT INTO orders (id, customer_id, order_date, status, total_price, version) VALUES (36, 16, '2025-10-07 21:05:00', 'PENDING', 225.00, 0);
INSERT INTO order_items (id, product_id, quantity, price, order_id) VALUES (55, 71, 1, 225.00, 36);

-- Pedido 37
INSERT INTO orders (id, customer_id, order_date, status, total_price, version) VALUES (37, 17, '2025-10-08 08:50:00', 'CANCELLED', 135.60, 0);
INSERT INTO order_items (id, product_id, quantity, price, order_id) VALUES (56, 81, 2, 67.80, 37);

-- Pedido 38
INSERT INTO orders (id, customer_id, order_date, status, total_price, version) VALUES (38, 18, '2025-10-09 10:45:00', 'DELIVERED', 500.00, 0);
INSERT INTO order_items (id, product_id, quantity, price, order_id) VALUES (57, 91, 2, 250.00, 38);

-- Pedido 39
INSERT INTO orders (id, customer_id, order_date, status, total_price, version) VALUES (39, 19, '2025-10-10 12:20:00', 'SHIPPED', 75.25, 0);
INSERT INTO order_items (id, product_id, quantity, price, order_id) VALUES (58, 3, 1, 24.00, 39);
INSERT INTO order_items (id, product_id, quantity, price, order_id) VALUES (59, 13, 1, 51.25, 39);

-- Pedido 40
INSERT INTO orders (id, customer_id, order_date, status, total_price, version) VALUES (40, 20, '2025-10-11 14:15:00', 'PROCESSING', 200.00, 0);
INSERT INTO order_items (id, product_id, quantity, price, order_id) VALUES (60, 23, 1, 200.00, 40);

-- Pedido 41
INSERT INTO orders (id, customer_id, order_date, status, total_price, version) VALUES (41, 1, '2025-10-12 16:00:00', 'PENDING', 330.00, 0);
INSERT INTO order_items (id, product_id, quantity, price, order_id) VALUES (61, 33, 2, 165.00, 41);

-- Pedido 42
INSERT INTO orders (id, customer_id, order_date, status, total_price, version) VALUES (42, 2, '2025-10-13 18:30:00', 'DELIVERED', 150.00, 0);
INSERT INTO order_items (id, product_id, quantity, price, order_id) VALUES (62, 43, 1, 150.00, 42);

-- Pedido 43
INSERT INTO orders (id, customer_id, order_date, status, total_price, version) VALUES (43, 3, '2025-10-14 20:10:00', 'SHIPPED', 450.50, 0);
INSERT INTO order_items (id, product_id, quantity, price, order_id) VALUES (63, 53, 2, 225.25, 43);

-- Pedido 44
INSERT INTO orders (id, customer_id, order_date, status, total_price, version) VALUES (44, 4, '2025-10-15 22:00:00', 'PROCESSING', 190.90, 0);
INSERT INTO order_items (id, product_id, quantity, price, order_id) VALUES (64, 63, 1, 128.40, 44);
INSERT INTO order_items (id, product_id, quantity, price, order_id) VALUES (65, 14, 1, 62.50, 44);

-- Pedido 45
INSERT INTO orders (id, customer_id, order_date, status, total_price, version) VALUES (45, 5, '2025-10-16 09:00:00', 'PENDING', 240.00, 0);
INSERT INTO order_items (id, product_id, quantity, price, order_id) VALUES (66, 73, 2, 120.00, 45);

-- Pedido 46
INSERT INTO orders (id, customer_id, order_date, status, total_price, version) VALUES (46, 6, '2025-10-17 11:45:00', 'CANCELLED', 110.00, 0);
INSERT INTO order_items (id, product_id, quantity, price, order_id) VALUES (67, 83, 1, 110.00, 46);

-- Pedido 47
INSERT INTO orders (id, customer_id, order_date, status, total_price, version) VALUES (47, 7, '2025-10-18 13:30:00', 'DELIVERED', 290.00, 0);
INSERT INTO order_items (id, product_id, quantity, price, order_id) VALUES (68, 93, 1, 152.30, 47);
INSERT INTO order_items (id, product_id, quantity, price, order_id) VALUES (69, 15, 2, 68.85, 47);

-- Pedido 48
INSERT INTO orders (id, customer_id, order_date, status, total_price, version) VALUES (48, 8, '2025-10-19 15:15:00', 'SHIPPED', 195.00, 0);
INSERT INTO order_items (id, product_id, quantity, price, order_id) VALUES (70, 5, 3, 65.00, 48);

-- Pedido 49
INSERT INTO orders (id, customer_id, order_date, status, total_price, version) VALUES (49, 9, '2025-10-20 17:00:00', 'PROCESSING', 210.80, 0);
INSERT INTO order_items (id, product_id, quantity, price, order_id) VALUES (71, 80, 1, 210.80, 49);

-- Pedido 50
INSERT INTO orders (id, customer_id, order_date, status, total_price, version) VALUES (50, 10, '2025-10-21 19:00:00', 'PENDING', 450.00, 0);
INSERT INTO order_items (id, product_id, quantity, price, order_id) VALUES (72, 100, 2, 225.00, 50);

-- Pedido 51
INSERT INTO orders (id, customer_id, order_date, status, total_price, version) VALUES (51, 11, '2025-10-22 21:00:00', 'DELIVERED', 155.50, 0);
INSERT INTO order_items (id, product_id, quantity, price, order_id) VALUES (73, 55, 1, 155.50, 51);

-- Pedido 52
INSERT INTO orders (id, customer_id, order_date, status, total_price, version) VALUES (52, 12, '2025-10-23 08:30:00', 'SHIPPED', 320.00, 0);
INSERT INTO order_items (id, product_id, quantity, price, order_id) VALUES (74, 65, 2, 160.00, 52);

-- Pedido 53
INSERT INTO orders (id, customer_id, order_date, status, total_price, version) VALUES (53, 13, '2025-10-24 10:20:00', 'PROCESSING', 95.75, 0);
INSERT INTO order_items (id, product_id, quantity, price, order_id) VALUES (75, 75, 1, 95.75, 53);
INSERT INTO order_items (id, product_id, quantity, price, order_id) VALUES (76, 26, 0, 0.00, 53); -- Cantidad cero

-- Pedido 54
INSERT INTO orders (id, customer_id, order_date, status, total_price, version) VALUES (54, 14, '2025-10-25 12:10:00', 'PENDING', 280.00, 0);
INSERT INTO order_items (id, product_id, quantity, price, order_id) VALUES (77, 85, 2, 140.00, 54);

-- Pedido 55
INSERT INTO orders (id, customer_id, order_date, status, total_price, version) VALUES (55, 15, '2025-10-26 14:00:00', 'CANCELLED', 170.00, 0);
INSERT INTO order_items (id, product_id, quantity, price, order_id) VALUES (78, 95, 1, 170.00, 55);

-- Pedido 56
INSERT INTO orders (id, customer_id, order_date, status, total_price, version) VALUES (56, 16, '2025-10-27 16:00:00', 'DELIVERED', 340.50, 0);
INSERT INTO order_items (id, product_id, quantity, price, order_id) VALUES (79, 7, 3, 113.50, 56);

-- Pedido 57
INSERT INTO orders (id, customer_id, order_date, status, total_price, version) VALUES (57, 17, '2025-10-28 18:00:00', 'SHIPPED', 120.00, 0);
INSERT INTO order_items (id, product_id, quantity, price, order_id) VALUES (80, 17, 1, 120.00, 57);

-- Pedido 58
INSERT INTO orders (id, customer_id, order_date, status, total_price, version) VALUES (58, 18, '2025-10-29 20:00:00', 'PROCESSING', 250.00, 0);
INSERT INTO order_items (id, product_id, quantity, price, order_id) VALUES (81, 27, 2, 125.00, 58);

-- Pedido 59
INSERT INTO orders (id, customer_id, order_date, status, total_price, version) VALUES (59, 19, '2025-10-30 22:00:00', 'PENDING', 300.00, 0);
INSERT INTO order_items (id, product_id, quantity, price, order_id) VALUES (82, 37, 2, 150.00, 59);

-- Pedido 60
INSERT INTO orders (id, customer_id, order_date, status, total_price, version) VALUES (60, 20, '2025-10-31 09:00:00', 'DELIVERED', 400.00, 0);
INSERT INTO order_items (id, product_id, quantity, price, order_id) VALUES (83, 47, 2, 200.00, 60);

-- Pedido 61
INSERT INTO orders (id, customer_id, order_date, status, total_price, version) VALUES (61, 1, '2025-11-01 11:00:00', 'SHIPPED', 150.00, 0);
INSERT INTO order_items (id, product_id, quantity, price, order_id) VALUES (84, 57, 1, 150.00, 61);

-- Pedido 62
INSERT INTO orders (id, customer_id, order_date, status, total_price, version) VALUES (62, 2, '2025-11-02 13:00:00', 'PROCESSING', 320.00, 0);
INSERT INTO order_items (id, product_id, quantity, price, order_id) VALUES (85, 67, 2, 160.00, 62);

-- Pedido 63
INSERT INTO orders (id, customer_id, order_date, status, total_price, version) VALUES (63, 3, '2025-11-03 15:00:00', 'PENDING', 180.00, 0);
INSERT INTO order_items (id, product_id, quantity, price, order_id) VALUES (86, 77, 1, 180.00, 63);

-- Pedido 64
INSERT INTO orders (id, customer_id, order_date, status, total_price, version) VALUES (64, 4, '2025-11-04 17:00:00', 'CANCELLED', 260.00, 0);
INSERT INTO order_items (id, product_id, quantity, price, order_id) VALUES (87, 87, 2, 130.00, 64);

-- Pedido 65
INSERT INTO orders (id, customer_id, order_date, status, total_price, version) VALUES (65, 5, '2025-11-05 19:00:00', 'DELIVERED', 100.00, 0);
INSERT INTO order_items (id, product_id, quantity, price, order_id) VALUES (88, 97, 1, 100.00, 65);

-- Pedido 66
INSERT INTO orders (id, customer_id, order_date, status, total_price, version) VALUES (66, 6, '2025-11-06 21:00:00', 'SHIPPED', 210.00, 0);
INSERT INTO order_items (id, product_id, quantity, price, order_id) VALUES (89, 9, 2, 105.00, 66);

-- Pedido 67
INSERT INTO orders (id, customer_id, order_date, status, total_price, version) VALUES (67, 7, '2025-11-07 08:00:00', 'PROCESSING', 140.00, 0);
INSERT INTO order_items (id, product_id, quantity, price, order_id) VALUES (90, 19, 1, 140.00, 67);

-- Pedido 68
INSERT INTO orders (id, customer_id, order_date, status, total_price, version) VALUES (68, 8, '2025-11-08 10:00:00', 'PENDING', 280.00, 0);
INSERT INTO order_items (id, product_id, quantity, price, order_id) VALUES (91, 29, 2, 140.00, 68);

-- Pedido 69
INSERT INTO orders (id, customer_id, order_date, status, total_price, version) VALUES (69, 9, '2025-11-09 12:00:00', 'DELIVERED', 160.00, 0);
INSERT INTO order_items (id, product_id, quantity, price, order_id) VALUES (92, 39, 1, 160.00, 69);

-- Pedido 70
INSERT INTO orders (id, customer_id, order_date, status, total_price, version) VALUES (70, 10, '2025-11-10 14:00:00', 'SHIPPED', 350.00, 0);
INSERT INTO order_items (id, product_id, quantity, price, order_id) VALUES (93, 49, 2, 175.00, 70);

-- Pedido 71
INSERT INTO orders (id, customer_id, order_date, status, total_price, version) VALUES (71, 11, '2025-11-11 16:00:00', 'DELIVERED', 420.00, 0);
INSERT INTO order_items (id, product_id, quantity, price, order_id) VALUES (94, 59, 2, 210.00, 71);

-- Pedido 72
INSERT INTO orders (id, customer_id, order_date, status, total_price, version) VALUES (72, 12, '2025-11-12 18:00:00', 'SHIPPED', 200.00, 0);
INSERT INTO order_items (id, product_id, quantity, price, order_id) VALUES (95, 69, 1, 200.00, 72);

-- Pedido 73
INSERT INTO orders (id, customer_id, order_date, status, total_price, version) VALUES (73, 13, '2025-11-13 20:00:00', 'PROCESSING', 350.00, 0);
INSERT INTO order_items (id, product_id, quantity, price, order_id) VALUES (96, 79, 2, 175.00, 73);

-- Pedido 74
INSERT INTO orders (id, customer_id, order_date, status, total_price, version) VALUES (74, 14, '2025-11-14 22:00:00', 'PENDING', 240.00, 0);
INSERT INTO order_items (id, product_id, quantity, price, order_id) VALUES (97, 89, 1, 240.00, 74);

-- Pedido 75
INSERT INTO orders (id, customer_id, order_date, status, total_price, version) VALUES (75, 15, '2025-11-15 09:30:00', 'DELIVERED', 130.00, 0);
INSERT INTO order_items (id, product_id, quantity, price, order_id) VALUES (98, 99, 1, 130.00, 75);

-- Pedido 76
INSERT INTO orders (id, customer_id, order_date, status, total_price, version) VALUES (76, 16, '2025-11-16 11:30:00', 'SHIPPED', 220.00, 0);
INSERT INTO order_items (id, product_id, quantity, price, order_id) VALUES (99, 12, 2, 110.00, 76);

-- Pedido 77
INSERT INTO orders (id, customer_id, order_date, status, total_price, version) VALUES (77, 17, '2025-11-17 13:30:00', 'PROCESSING', 180.00, 0);
INSERT INTO order_items (id, product_id, quantity, price, order_id) VALUES (100, 22, 1, 180.00, 77);

-- Pedido 78
INSERT INTO orders (id, customer_id, order_date, status, total_price, version) VALUES (78, 18, '2025-11-18 15:30:00', 'PENDING', 300.00, 0);
INSERT INTO order_items (id, product_id, quantity, price, order_id) VALUES (101, 32, 2, 150.00, 78);

-- Pedido 79
INSERT INTO orders (id, customer_id, order_date, status, total_price, version) VALUES (79, 19, '2025-11-19 17:30:00', 'CANCELLED', 110.00, 0);
INSERT INTO order_items (id, product_id, quantity, price, order_id) VALUES (102, 42, 1, 110.00, 79);

-- Pedido 80
INSERT INTO orders (id, customer_id, order_date, status, total_price, version) VALUES (80, 20, '2025-11-20 19:30:00', 'DELIVERED', 240.00, 0);
INSERT INTO order_items (id, product_id, quantity, price, order_id) VALUES (103, 52, 2, 120.00, 80);

-- Pedido 81
INSERT INTO orders (id, customer_id, order_date, status, total_price, version) VALUES (81, 1, '2025-11-21 21:30:00', 'SHIPPED', 190.00, 0);
INSERT INTO order_items (id, product_id, quantity, price, order_id) VALUES (104, 62, 1, 190.00, 81);

-- Pedido 82
INSERT INTO orders (id, customer_id, order_date, status, total_price, version) VALUES (82, 2, '2025-11-22 08:00:00', 'PROCESSING', 380.00, 0);
INSERT INTO order_items (id, product_id, quantity, price, order_id) VALUES (105, 72, 2, 190.00, 82);

-- Pedido 83
INSERT INTO orders (id, customer_id, order_date, status, total_price, version) VALUES (83, 3, '2025-11-23 10:00:00', 'PENDING', 120.00, 0);
INSERT INTO order_items (id, product_id, quantity, price, order_id) VALUES (106, 82, 1, 120.00, 83);

-- Pedido 84
INSERT INTO orders (id, customer_id, order_date, status, total_price, version) VALUES (84, 4, '2025-11-24 12:00:00', 'DELIVERED', 260.00, 0);
INSERT INTO order_items (id, product_id, quantity, price, order_id) VALUES (107, 92, 2, 130.00, 84);

-- Pedido 85
INSERT INTO orders (id, customer_id, order_date, status, total_price, version) VALUES (85, 5, '2025-11-25 14:00:00', 'SHIPPED', 140.00, 0);
INSERT INTO order_items (id, product_id, quantity, price, order_id) VALUES (108, 6, 1, 140.00, 85);

-- Pedido 86
INSERT INTO orders (id, customer_id, order_date, status, total_price, version) VALUES (86, 6, '2025-11-26 16:00:00', 'PROCESSING', 280.00, 0);
INSERT INTO order_items (id, product_id, quantity, price, order_id) VALUES (109, 16, 2, 140.00, 86);

-- Pedido 87
INSERT INTO orders (id, customer_id, order_date, status, total_price, version) VALUES (87, 7, '2025-11-27 18:00:00', 'PENDING', 110.00, 0);
INSERT INTO order_items (id, product_id, quantity, price, order_id) VALUES (110, 26, 1, 110.00, 87);

-- Pedido 88
INSERT INTO orders (id, customer_id, order_date, status, total_price, version) VALUES (88, 8, '2025-11-28 20:00:00', 'CANCELLED', 220.00, 0);
INSERT INTO order_items (id, product_id, quantity, price, order_id) VALUES (111, 36, 2, 110.00, 88);

-- Pedido 89
INSERT INTO orders (id, customer_id, order_date, status, total_price, version) VALUES (89, 9, '2025-11-29 22:00:00', 'DELIVERED', 130.00, 0);
INSERT INTO order_items (id, product_id, quantity, price, order_id) VALUES (112, 46, 1, 130.00, 89);

-- Pedido 90
INSERT INTO orders (id, customer_id, order_date, status, total_price, version) VALUES (90, 10, '2025-11-30 09:00:00', 'SHIPPED', 260.00, 0);
INSERT INTO order_items (id, product_id, quantity, price, order_id) VALUES (113, 56, 2, 130.00, 90);

-- Pedido 91
INSERT INTO orders (id, customer_id, order_date, status, total_price, version) VALUES (91, 11, '2025-12-01 11:00:00', 'PROCESSING', 150.00, 0);
INSERT INTO order_items (id, product_id, quantity, price, order_id) VALUES (114, 66, 1, 150.00, 91);

-- Pedido 92
INSERT INTO orders (id, customer_id, order_date, status, total_price, version) VALUES (92, 12, '2025-12-02 13:00:00', 'PENDING', 300.00, 0);
INSERT INTO order_items (id, product_id, quantity, price, order_id) VALUES (115, 76, 2, 150.00, 92);

-- Pedido 93
INSERT INTO orders (id, customer_id, order_date, status, total_price, version) VALUES (93, 13, '2025-12-03 15:00:00', 'DELIVERED', 100.00, 0);
INSERT INTO order_items (id, product_id, quantity, price, order_id) VALUES (116, 86, 1, 100.00, 93);

-- Pedido 94
INSERT INTO orders (id, customer_id, order_date, status, total_price, version) VALUES (94, 14, '2025-12-04 17:00:00', 'SHIPPED', 200.00, 0);
INSERT INTO order_items (id, product_id, quantity, price, order_id) VALUES (117, 96, 2, 100.00, 94);

-- Pedido 95
INSERT INTO orders (id, customer_id, order_date, status, total_price, version) VALUES (95, 15, '2025-12-05 19:00:00', 'PROCESSING', 175.80, 0);
INSERT INTO order_items (id, product_id, quantity, price, order_id) VALUES (118, 8, 2, 87.90, 95);

-- Pedido 96
INSERT INTO orders (id, customer_id, order_date, status, total_price, version) VALUES (96, 16, '2025-12-06 21:00:00', 'PENDING', 351.60, 0);
INSERT INTO order_items (id, product_id, quantity, price, order_id) VALUES (119, 18, 2, 175.80, 96);

-- Pedido 97
INSERT INTO orders (id, customer_id, order_date, status, total_price, version) VALUES (97, 17, '2025-12-07 08:00:00', 'DELIVERED', 120.50, 0);
INSERT INTO order_items (id, product_id, quantity, price, order_id) VALUES (120, 28, 1, 120.50, 97);

-- Pedido 98
INSERT INTO orders (id, customer_id, order_date, status, total_price, version) VALUES (98, 18, '2025-12-08 10:00:00', 'SHIPPED', 241.00, 0);
INSERT INTO order_items (id, product_id, quantity, price, order_id) VALUES (121, 38, 2, 120.50, 98);

-- Pedido 99
INSERT INTO orders (id, customer_id, order_date, status, total_price, version) VALUES (99, 19, '2025-12-09 12:00:00', 'PROCESSING', 145.00, 0);
INSERT INTO order_items (id, product_id, quantity, price, order_id) VALUES (122, 48, 1, 145.00, 99);

-- Pedido 100
INSERT INTO orders (id, customer_id, order_date, status, total_price, version) VALUES (100, 20, '2025-12-10 14:00:00', 'PENDING', 290.00, 0);
INSERT INTO order_items (id, product_id, quantity, price, order_id) VALUES (123, 58, 2, 145.00, 100);

